-- MySQL dump 10.13  Distrib 8.0.41, for Win64 (x86_64)
--
-- Host: localhost    Database: easeestate
-- ------------------------------------------------------
-- Server version	8.0.41

/*!40101 SET @OLD_CHARACTER_SET_CLIENT=@@CHARACTER_SET_CLIENT */;
/*!40101 SET @OLD_CHARACTER_SET_RESULTS=@@CHARACTER_SET_RESULTS */;
/*!40101 SET @OLD_COLLATION_CONNECTION=@@COLLATION_CONNECTION */;
/*!50503 SET NAMES utf8 */;
/*!40103 SET @OLD_TIME_ZONE=@@TIME_ZONE */;
/*!40103 SET TIME_ZONE='+00:00' */;
/*!40014 SET @OLD_UNIQUE_CHECKS=@@UNIQUE_CHECKS, UNIQUE_CHECKS=0 */;
/*!40014 SET @OLD_FOREIGN_KEY_CHECKS=@@FOREIGN_KEY_CHECKS, FOREIGN_KEY_CHECKS=0 */;
/*!40101 SET @OLD_SQL_MODE=@@SQL_MODE, SQL_MODE='NO_AUTO_VALUE_ON_ZERO' */;
/*!40111 SET @OLD_SQL_NOTES=@@SQL_NOTES, SQL_NOTES=0 */;

--
-- Table structure for table `areca_inventory`
--

DROP TABLE IF EXISTS `areca_inventory`;
/*!40101 SET @saved_cs_client     = @@character_set_client */;
/*!50503 SET character_set_client = utf8mb4 */;
CREATE TABLE `areca_inventory` (
  `lot_number` int NOT NULL,
  `date_received` date NOT NULL,
  `total_bags` int NOT NULL,
  `total_weight_kg` decimal(10,2) NOT NULL,
  `user_id` int NOT NULL,
  PRIMARY KEY (`lot_number`),
  KEY `user_id` (`user_id`),
  CONSTRAINT `areca_inventory_ibfk_1` FOREIGN KEY (`user_id`) REFERENCES `users` (`id`)
) ENGINE=InnoDB DEFAULT CHARSET=utf8mb4 COLLATE=utf8mb4_0900_ai_ci;
/*!40101 SET character_set_client = @saved_cs_client */;

--
-- Dumping data for table `areca_inventory`
--

LOCK TABLES `areca_inventory` WRITE;
/*!40000 ALTER TABLE `areca_inventory` DISABLE KEYS */;
INSERT INTO `areca_inventory` VALUES (4,'2025-03-20',50,250.00,1),(5,'2025-03-28',50,200.00,1);
/*!40000 ALTER TABLE `areca_inventory` ENABLE KEYS */;
UNLOCK TABLES;

--
-- Table structure for table `areca_inventory_history`
--

DROP TABLE IF EXISTS `areca_inventory_history`;
/*!40101 SET @saved_cs_client     = @@character_set_client */;
/*!50503 SET character_set_client = utf8mb4 */;
CREATE TABLE `areca_inventory_history` (
  `id` int NOT NULL AUTO_INCREMENT,
  `lot_number` int NOT NULL,
  `date_added` timestamp NULL DEFAULT CURRENT_TIMESTAMP,
  `date_received` date NOT NULL,
  `total_bags` int NOT NULL,
  `total_weight_kg` decimal(10,2) NOT NULL,
  `user_id` int NOT NULL,
  PRIMARY KEY (`id`),
  UNIQUE KEY `unique_lot_number_date_added` (`lot_number`,`date_added`),
  KEY `user_id` (`user_id`),
  CONSTRAINT `areca_inventory_history_ibfk_1` FOREIGN KEY (`user_id`) REFERENCES `users` (`id`)
) ENGINE=InnoDB AUTO_INCREMENT=7 DEFAULT CHARSET=utf8mb4 COLLATE=utf8mb4_0900_ai_ci;
/*!40101 SET character_set_client = @saved_cs_client */;

--
-- Dumping data for table `areca_inventory_history`
--

LOCK TABLES `areca_inventory_history` WRITE;
/*!40000 ALTER TABLE `areca_inventory_history` DISABLE KEYS */;
INSERT INTO `areca_inventory_history` VALUES (1,1,'2025-03-05 11:30:04','2025-03-05',23,34.00,1),(2,2,'2025-03-05 11:34:18','2025-03-05',23,33.97,1),(3,3,'2025-03-09 10:00:01','2025-03-09',20,200.00,1),(4,2,'2025-03-11 13:35:23','2025-03-11',20,300.00,1),(5,4,'2025-03-20 14:15:15','2025-03-20',50,250.00,1),(6,5,'2025-03-28 04:18:34','2025-03-28',50,200.00,1);
/*!40000 ALTER TABLE `areca_inventory_history` ENABLE KEYS */;
UNLOCK TABLES;

--
-- Table structure for table `attendance`
--

DROP TABLE IF EXISTS `attendance`;
/*!40101 SET @saved_cs_client     = @@character_set_client */;
/*!50503 SET character_set_client = utf8mb4 */;
CREATE TABLE `attendance` (
  `attendance_id` int NOT NULL AUTO_INCREMENT,
  `worker_id` int NOT NULL,
  `lead_id` int NOT NULL,
  `job_id` int NOT NULL,
  `user_id` int NOT NULL,
  `date` date NOT NULL,
  `job_role` text NOT NULL,
  `present` tinyint(1) DEFAULT '0',
  PRIMARY KEY (`attendance_id`),
  UNIQUE KEY `unique_attendance` (`worker_id`,`date`,`job_id`,`lead_id`),
  KEY `lead_id` (`lead_id`),
  KEY `job_id` (`job_id`),
  KEY `user_id` (`user_id`),
  CONSTRAINT `attendance_ibfk_1` FOREIGN KEY (`worker_id`) REFERENCES `workers` (`worker_id`) ON DELETE CASCADE,
  CONSTRAINT `attendance_ibfk_2` FOREIGN KEY (`lead_id`) REFERENCES `labour_lead` (`lead_id`) ON DELETE CASCADE,
  CONSTRAINT `attendance_ibfk_3` FOREIGN KEY (`job_id`) REFERENCES `jobs` (`id`) ON DELETE CASCADE,
  CONSTRAINT `attendance_ibfk_4` FOREIGN KEY (`user_id`) REFERENCES `users` (`id`) ON DELETE CASCADE
) ENGINE=InnoDB AUTO_INCREMENT=605 DEFAULT CHARSET=utf8mb4 COLLATE=utf8mb4_0900_ai_ci;
/*!40101 SET character_set_client = @saved_cs_client */;

--
-- Dumping data for table `attendance`
--

LOCK TABLES `attendance` WRITE;
/*!40000 ALTER TABLE `attendance` DISABLE KEYS */;
INSERT INTO `attendance` VALUES (156,27,6,3,1,'2025-02-23','N/A',1),(157,28,6,3,1,'2025-02-23','N/A',1),(158,29,7,1,1,'2025-02-23','N/A',1),(159,30,7,1,1,'2025-02-23','N/A',1),(170,6,2,1,1,'2025-02-23','N/A',1),(171,7,2,1,1,'2025-02-23','N/A',1),(172,8,2,1,1,'2025-02-23','N/A',1),(180,1,1,7,1,'2025-02-24','N/A',1),(181,2,1,7,1,'2025-02-24','N/A',1),(182,3,1,7,1,'2025-02-24','N/A',1),(183,4,1,7,1,'2025-02-24','N/A',0),(184,5,1,7,1,'2025-02-24','N/A',0),(185,6,2,6,1,'2025-02-24','N/A',1),(186,7,2,6,1,'2025-02-24','N/A',1),(187,8,2,6,1,'2025-02-24','N/A',1),(188,10,2,6,1,'2025-02-24','N/A',1),(189,11,2,6,1,'2025-02-24','N/A',1),(190,12,3,5,1,'2025-02-24','N/A',1),(191,13,3,5,1,'2025-02-24','N/A',1),(192,14,3,5,1,'2025-02-24','N/A',0),(193,15,3,5,1,'2025-02-24','N/A',0),(194,16,3,5,1,'2025-02-24','N/A',1),(198,20,4,6,1,'2025-02-24','N/A',1),(199,21,4,7,1,'2025-02-24','N/A',1),(200,27,6,3,1,'2025-02-24','N/A',1),(201,28,6,3,1,'2025-02-24','N/A',1),(204,29,7,2,1,'2025-02-24','N/A',1),(205,30,7,2,1,'2025-02-24','N/A',1),(206,1,1,7,1,'2025-02-25','N/A',1),(207,2,1,7,1,'2025-02-25','N/A',1),(208,3,1,7,1,'2025-02-25','N/A',1),(209,4,1,7,1,'2025-02-25','N/A',1),(210,5,1,7,1,'2025-02-25','N/A',1),(211,6,2,6,1,'2025-02-25','N/A',1),(212,7,2,6,1,'2025-02-25','N/A',1),(213,8,2,6,1,'2025-02-25','N/A',1),(214,10,2,6,1,'2025-02-25','N/A',0),(215,11,2,6,1,'2025-02-25','N/A',1),(216,12,3,5,1,'2025-02-25','N/A',0),(217,13,3,5,1,'2025-02-25','N/A',0),(218,14,3,5,1,'2025-02-25','N/A',0),(219,15,3,5,1,'2025-02-25','N/A',0),(220,16,3,7,1,'2025-02-25','N/A',0),(226,27,6,3,1,'2025-02-25','N/A',1),(227,28,6,3,1,'2025-02-25','N/A',1),(228,29,7,2,1,'2025-02-25','N/A',0),(229,30,7,2,1,'2025-02-25','N/A',0),(232,1,1,7,1,'2025-02-26','N/A',1),(233,2,1,7,1,'2025-02-26','N/A',1),(234,3,1,7,1,'2025-02-26','N/A',1),(235,4,1,7,1,'2025-02-26','N/A',0),(236,5,1,7,1,'2025-02-26','N/A',0),(249,6,2,1,1,'2025-03-05','N/A',1),(250,7,2,1,1,'2025-03-05','N/A',1),(251,8,2,1,1,'2025-03-05','N/A',1),(252,10,2,1,1,'2025-03-05','N/A',1),(253,11,2,1,1,'2025-03-05','N/A',0),(254,12,3,2,1,'2025-03-05','N/A',1),(255,13,3,2,1,'2025-03-05','N/A',1),(256,14,3,2,1,'2025-03-05','N/A',1),(257,15,3,2,1,'2025-03-05','N/A',1),(258,16,3,2,1,'2025-03-05','N/A',1),(259,27,6,3,1,'2025-03-05','N/A',1),(260,28,6,3,1,'2025-03-05','N/A',1),(267,17,4,1,1,'2025-03-06','N/A',1),(268,18,4,1,1,'2025-03-06','N/A',1),(269,19,4,1,1,'2025-03-06','N/A',1),(270,20,4,1,1,'2025-03-06','N/A',1),(271,21,4,1,1,'2025-03-06','N/A',1),(272,22,5,2,1,'2025-03-06','N/A',1),(273,23,5,2,1,'2025-03-06','N/A',1),(274,24,5,2,1,'2025-03-06','N/A',1),(275,25,5,2,1,'2025-03-06','N/A',1),(276,26,5,2,1,'2025-03-06','N/A',1),(277,27,6,3,1,'2025-03-06','N/A',1),(278,28,6,3,1,'2025-03-06','N/A',1),(283,29,7,1,1,'2025-03-06','N/A',1),(284,30,7,1,1,'2025-03-06','N/A',1),(285,1,1,1,1,'2025-03-09','N/A',1),(286,2,1,1,1,'2025-03-09','N/A',1),(287,3,1,1,1,'2025-03-09','N/A',1),(288,4,1,1,1,'2025-03-09','N/A',1),(289,5,1,1,1,'2025-03-09','N/A',1),(290,35,1,1,1,'2025-03-09','N/A',0),(291,39,1,1,1,'2025-03-09','N/A',0),(292,6,2,2,1,'2025-03-09','N/A',1),(293,7,2,2,1,'2025-03-09','N/A',1),(294,8,2,2,1,'2025-03-09','N/A',1),(295,10,2,2,1,'2025-03-09','N/A',0),(296,11,2,2,1,'2025-03-09','N/A',0),(297,27,6,2,1,'2025-03-09','N/A',1),(298,28,6,2,1,'2025-03-09','N/A',1),(301,1,1,1,1,'2025-03-11','N/A',1),(302,2,1,1,1,'2025-03-11','N/A',1),(303,3,1,1,1,'2025-03-11','N/A',1),(304,4,1,1,1,'2025-03-11','N/A',1),(305,5,1,1,1,'2025-03-11','N/A',1),(306,35,1,1,1,'2025-03-11','N/A',1),(307,39,1,1,1,'2025-03-11','N/A',1),(308,6,2,2,1,'2025-03-11','N/A',1),(309,7,2,2,1,'2025-03-11','N/A',1),(310,8,2,2,1,'2025-03-11','N/A',1),(311,10,2,2,1,'2025-03-11','N/A',1),(312,11,2,2,1,'2025-03-11','N/A',0),(315,1,1,1,1,'2025-03-12','N/A',1),(316,2,1,1,1,'2025-03-12','N/A',1),(317,3,1,1,1,'2025-03-12','N/A',1),(318,4,1,1,1,'2025-03-12','N/A',1),(319,5,1,1,1,'2025-03-12','N/A',1),(320,35,1,1,1,'2025-03-12','N/A',1),(321,39,1,1,1,'2025-03-12','N/A',1),(331,22,5,1,1,'2025-03-13','N/A',1),(332,23,5,1,1,'2025-03-13','N/A',1),(333,24,5,1,1,'2025-03-13','N/A',1),(334,25,5,1,1,'2025-03-13','N/A',1),(335,26,5,1,1,'2025-03-13','N/A',1),(336,27,6,6,1,'2025-03-13','N/A',1),(337,28,6,2,1,'2025-03-13','N/A',1),(338,1,1,1,1,'2025-03-20','N/A',1),(339,2,1,1,1,'2025-03-20','N/A',1),(340,3,1,1,1,'2025-03-20','N/A',1),(341,4,1,1,1,'2025-03-20','N/A',1),(342,5,1,1,1,'2025-03-20','N/A',1),(343,35,1,1,1,'2025-03-20','N/A',0),(344,39,1,1,1,'2025-03-20','N/A',0),(345,6,2,2,1,'2025-03-20','N/A',1),(346,7,2,2,1,'2025-03-20','N/A',1),(347,8,2,2,1,'2025-03-20','N/A',1),(348,10,2,2,1,'2025-03-20','N/A',1),(349,11,2,2,1,'2025-03-20','N/A',1),(350,27,6,3,1,'2025-03-20','N/A',1),(351,28,6,3,1,'2025-03-20','N/A',1),(352,22,5,11,1,'2025-03-20','N/A',1),(353,23,5,11,1,'2025-03-20','N/A',1),(354,24,5,11,1,'2025-03-20','N/A',1),(355,25,5,11,1,'2025-03-20','N/A',1),(356,26,5,11,1,'2025-03-20','N/A',0),(357,17,4,5,1,'2025-03-20','N/A',1),(358,18,4,5,1,'2025-03-20','N/A',1),(359,19,4,5,1,'2025-03-20','N/A',1),(360,20,4,5,1,'2025-03-20','N/A',0),(361,21,4,5,1,'2025-03-20','N/A',0),(364,1,1,7,1,'2025-03-21','N/A',1),(365,2,1,7,1,'2025-03-21','N/A',1),(366,3,1,7,1,'2025-03-21','N/A',1),(367,4,1,7,1,'2025-03-21','N/A',1),(368,5,1,7,1,'2025-03-21','N/A',1),(369,35,1,7,1,'2025-03-21','N/A',0),(370,39,1,7,1,'2025-03-21','N/A',0),(371,1,1,1,1,'2025-03-22','N/A',1),(372,2,1,1,1,'2025-03-22','N/A',1),(373,3,1,1,1,'2025-03-22','N/A',1),(374,4,1,1,1,'2025-03-22','N/A',1),(375,5,1,1,1,'2025-03-22','N/A',1),(376,35,1,1,1,'2025-03-22','N/A',1),(377,39,1,1,1,'2025-03-22','N/A',1),(378,6,2,11,1,'2025-03-25','N/A',1),(379,7,2,11,1,'2025-03-25','N/A',1),(380,8,2,11,1,'2025-03-25','N/A',1),(381,10,2,11,1,'2025-03-25','N/A',1),(382,11,2,11,1,'2025-03-25','N/A',1),(383,12,3,5,1,'2025-03-26','N/A',1),(384,13,3,5,1,'2025-03-26','N/A',1),(385,14,3,5,1,'2025-03-26','N/A',1),(386,15,3,5,1,'2025-03-26','N/A',1),(387,16,3,5,1,'2025-03-26','N/A',1),(392,1,1,1,1,'2025-03-28','N/A',1),(393,2,1,1,1,'2025-03-28','N/A',1),(394,3,1,1,1,'2025-03-28','N/A',1),(395,4,1,1,1,'2025-03-28','N/A',1),(396,5,1,1,1,'2025-03-28','N/A',1),(397,35,1,1,1,'2025-03-28','N/A',0),(398,39,1,1,1,'2025-03-28','N/A',0),(399,6,2,2,1,'2025-03-28','N/A',1),(400,7,2,2,1,'2025-03-28','N/A',1),(401,8,2,2,1,'2025-03-28','N/A',1),(402,10,2,2,1,'2025-03-28','N/A',0),(403,11,2,2,1,'2025-03-28','N/A',0),(404,27,6,3,1,'2025-03-28','N/A',1),(405,28,6,3,1,'2025-03-28','N/A',1),(411,17,4,5,1,'2025-03-28','N/A',1),(412,18,4,5,1,'2025-03-28','N/A',1),(413,19,4,5,1,'2025-03-28','N/A',1),(414,20,4,5,1,'2025-03-28','N/A',0),(415,21,4,5,1,'2025-03-28','N/A',0),(416,22,5,6,1,'2025-03-28','N/A',1),(417,23,5,6,1,'2025-03-28','N/A',1),(418,24,5,6,1,'2025-03-28','N/A',1),(419,25,5,6,1,'2025-03-28','N/A',1),(420,26,5,6,1,'2025-03-28','N/A',1),(421,29,7,7,1,'2025-03-28','N/A',1),(422,30,7,7,1,'2025-03-28','N/A',1),(425,1,1,1,1,'2025-03-29','N/A',1),(426,2,1,1,1,'2025-03-29','N/A',1),(427,3,1,1,1,'2025-03-29','N/A',1),(428,4,1,1,1,'2025-03-29','N/A',1),(429,5,1,1,1,'2025-03-29','N/A',1),(430,35,1,1,1,'2025-03-29','N/A',1),(431,39,1,1,1,'2025-03-29','N/A',0),(432,6,2,2,1,'2025-03-29','N/A',1),(433,7,2,2,1,'2025-03-29','N/A',1),(434,8,2,2,1,'2025-03-29','N/A',1),(435,10,2,2,1,'2025-03-29','N/A',0),(436,11,2,2,1,'2025-03-29','N/A',0),(442,27,6,3,1,'2025-03-29','N/A',1),(443,28,6,3,1,'2025-03-29','N/A',1),(444,22,5,7,1,'2025-03-29','N/A',1),(445,23,5,7,1,'2025-03-29','N/A',1),(446,24,5,7,1,'2025-03-29','N/A',1),(447,25,5,7,1,'2025-03-29','N/A',1),(448,26,5,7,1,'2025-03-29','N/A',1),(449,1,1,1,1,'2025-03-30','N/A',0),(450,2,1,1,1,'2025-03-30','N/A',0),(451,3,1,1,1,'2025-03-30','N/A',1),(452,4,1,1,1,'2025-03-30','N/A',1),(453,5,1,1,1,'2025-03-30','N/A',1),(454,35,1,1,1,'2025-03-30','N/A',1),(455,39,1,1,1,'2025-03-30','N/A',1),(456,6,2,2,1,'2025-03-30','N/A',1),(457,7,2,2,1,'2025-03-30','N/A',1),(458,8,2,2,1,'2025-03-30','N/A',1),(459,10,2,2,1,'2025-03-30','N/A',0),(460,11,2,2,1,'2025-03-30','N/A',0),(466,17,4,5,1,'2025-03-30','N/A',1),(467,18,4,5,1,'2025-03-30','N/A',1),(468,19,4,5,1,'2025-03-30','N/A',1),(469,20,4,5,1,'2025-03-30','N/A',1),(470,21,4,5,1,'2025-03-30','N/A',0),(471,22,5,6,1,'2025-03-30','N/A',1),(472,23,5,6,1,'2025-03-30','N/A',1),(473,24,5,6,1,'2025-03-30','N/A',1),(474,25,5,6,1,'2025-03-30','N/A',1),(475,26,5,6,1,'2025-03-30','N/A',0),(476,27,6,3,1,'2025-03-30','N/A',1),(477,28,6,3,1,'2025-03-30','N/A',1),(478,29,7,7,1,'2025-03-30','N/A',1),(479,30,7,7,1,'2025-03-30','N/A',1),(482,1,1,1,1,'2025-03-31','N/A',1),(483,2,1,1,1,'2025-03-31','N/A',1),(484,3,1,1,1,'2025-03-31','N/A',1),(485,4,1,1,1,'2025-03-31','N/A',1),(486,5,1,1,1,'2025-03-31','N/A',1),(487,35,1,1,1,'2025-03-31','N/A',0),(488,39,1,1,1,'2025-03-31','N/A',0),(489,6,2,2,1,'2025-03-31','N/A',1),(490,7,2,2,1,'2025-03-31','N/A',1),(491,8,2,2,1,'2025-03-31','N/A',1),(492,10,2,2,1,'2025-03-31','N/A',1),(493,11,2,2,1,'2025-03-31','N/A',0),(499,17,4,5,1,'2025-03-31','N/A',1),(500,18,4,5,1,'2025-03-31','N/A',1),(501,19,4,5,1,'2025-03-31','N/A',1),(502,20,4,5,1,'2025-03-31','N/A',1),(503,21,4,5,1,'2025-03-31','N/A',0),(504,22,5,6,1,'2025-03-31','N/A',1),(505,23,5,6,1,'2025-03-31','N/A',1),(506,24,5,6,1,'2025-03-31','N/A',1),(507,25,5,6,1,'2025-03-31','N/A',0),(508,26,5,6,1,'2025-03-31','N/A',0),(509,27,6,3,1,'2025-03-31','N/A',1),(510,28,6,3,1,'2025-03-31','N/A',1),(511,29,7,7,1,'2025-03-31','N/A',1),(512,30,7,7,1,'2025-03-31','N/A',1),(515,1,1,1,1,'2025-04-01','N/A',1),(516,2,1,1,1,'2025-04-01','N/A',1),(517,3,1,1,1,'2025-04-01','N/A',1),(518,4,1,1,1,'2025-04-01','N/A',1),(519,5,1,1,1,'2025-04-01','N/A',1),(520,35,1,1,1,'2025-04-01','N/A',0),(521,39,1,1,1,'2025-04-01','N/A',0),(522,6,2,2,1,'2025-04-01','N/A',1),(523,7,2,2,1,'2025-04-01','N/A',1),(524,8,2,2,1,'2025-04-01','N/A',1),(525,10,2,2,1,'2025-04-01','N/A',1),(526,11,2,2,1,'2025-04-01','N/A',0),(532,17,4,5,1,'2025-04-01','N/A',1),(533,18,4,5,1,'2025-04-01','N/A',1),(534,19,4,5,1,'2025-04-01','N/A',1),(535,20,4,5,1,'2025-04-01','N/A',1),(536,21,4,5,1,'2025-04-01','N/A',0),(537,22,5,6,1,'2025-04-01','N/A',1),(538,23,5,6,1,'2025-04-01','N/A',1),(539,24,5,6,1,'2025-04-01','N/A',1),(540,25,5,6,1,'2025-04-01','N/A',1),(541,26,5,6,1,'2025-04-01','N/A',0),(542,27,6,3,1,'2025-04-01','N/A',1),(543,28,6,3,1,'2025-04-01','N/A',1),(544,29,7,7,1,'2025-04-01','N/A',1),(545,30,7,7,1,'2025-04-01','N/A',1),(550,1,1,1,1,'2025-04-02','N/A',1),(551,2,1,1,1,'2025-04-02','N/A',1),(552,3,1,1,1,'2025-04-02','N/A',1),(553,4,1,1,1,'2025-04-02','N/A',1),(554,5,1,1,1,'2025-04-02','N/A',1),(555,35,1,1,1,'2025-04-02','N/A',1),(556,39,1,1,1,'2025-04-02','N/A',0),(557,22,5,6,1,'2025-04-02','N/A',1),(558,23,5,6,1,'2025-04-02','N/A',1),(559,24,5,6,1,'2025-04-02','N/A',1),(560,25,5,6,1,'2025-04-02','N/A',1),(561,26,5,6,1,'2025-04-02','N/A',1),(562,22,5,7,1,'2025-04-02','N/A',1),(564,24,5,11,1,'2025-04-02','N/A',1),(570,1,1,1,1,'2025-04-04','N/A',1),(571,2,1,1,1,'2025-04-04','N/A',1),(572,3,1,1,1,'2025-04-04','N/A',1),(573,4,1,1,1,'2025-04-04','N/A',1),(574,5,1,1,1,'2025-04-04','N/A',1),(575,35,1,1,1,'2025-04-04','N/A',1),(576,39,1,1,1,'2025-04-04','N/A',1),(577,6,2,1,1,'2025-04-06','N/A',1),(578,7,2,1,1,'2025-04-06','N/A',1),(579,8,2,1,1,'2025-04-06','N/A',1),(580,10,2,1,1,'2025-04-06','N/A',1),(581,11,2,1,1,'2025-04-06','N/A',1),(582,17,4,6,1,'2025-04-06','N/A',1),(583,18,4,6,1,'2025-04-06','N/A',1),(584,19,4,6,1,'2025-04-06','N/A',1),(585,20,4,6,1,'2025-04-06','N/A',1),(586,21,4,6,1,'2025-04-06','N/A',1),(587,6,2,3,1,'2025-04-08','N/A',1),(588,7,2,3,1,'2025-04-08','N/A',1),(589,8,2,3,1,'2025-04-08','N/A',1),(590,10,2,3,1,'2025-04-08','N/A',1),(591,11,2,3,1,'2025-04-08','N/A',1),(592,1,1,3,1,'2025-04-09','N/A',1),(593,2,1,3,1,'2025-04-09','N/A',1),(594,3,1,3,1,'2025-04-09','N/A',1),(595,4,1,3,1,'2025-04-09','N/A',1),(596,5,1,3,1,'2025-04-09','N/A',1),(597,35,1,3,1,'2025-04-09','N/A',1),(598,39,1,3,1,'2025-04-09','N/A',1),(599,44,22,1,1,'2025-04-10','N/A',1),(600,12,3,1,1,'2025-04-15','N/A',1),(601,13,3,1,1,'2025-04-15','N/A',1),(602,14,3,1,1,'2025-04-15','N/A',1),(603,15,3,1,1,'2025-04-15','N/A',1),(604,16,3,1,1,'2025-04-15','N/A',1);
/*!40000 ALTER TABLE `attendance` ENABLE KEYS */;
UNLOCK TABLES;

--
-- Table structure for table `coffee_godown`
--

DROP TABLE IF EXISTS `coffee_godown`;
/*!40101 SET @saved_cs_client     = @@character_set_client */;
/*!50503 SET character_set_client = utf8mb4 */;
CREATE TABLE `coffee_godown` (
  `lot_id` int NOT NULL AUTO_INCREMENT,
  `lot_number` varchar(255) NOT NULL,
  `user_id` int NOT NULL,
  `date_received` date NOT NULL,
  `coffee_type` enum('Parchment','Cherry') NOT NULL,
  `total_bags` int NOT NULL,
  `total_weight_kg` decimal(10,2) NOT NULL,
  `moisture_level` varchar(255) NOT NULL,
  `sell_date` date DEFAULT NULL,
  PRIMARY KEY (`lot_id`),
  UNIQUE KEY `lot_number` (`lot_number`),
  KEY `user_id` (`user_id`),
  CONSTRAINT `coffee_godown_ibfk_1` FOREIGN KEY (`user_id`) REFERENCES `users` (`id`) ON DELETE CASCADE
) ENGINE=InnoDB AUTO_INCREMENT=6 DEFAULT CHARSET=utf8mb4 COLLATE=utf8mb4_0900_ai_ci;
/*!40101 SET character_set_client = @saved_cs_client */;

--
-- Dumping data for table `coffee_godown`
--

LOCK TABLES `coffee_godown` WRITE;
/*!40000 ALTER TABLE `coffee_godown` DISABLE KEYS */;
INSERT INTO `coffee_godown` VALUES (1,'1',1,'2025-03-05','Parchment',20,100.00,'12',NULL),(2,'2222',1,'2025-03-05','Parchment',22,22.00,'22',NULL),(4,'-2',1,'2025-03-05','Parchment',3,4.00,'5',NULL),(5,'5',1,'2025-03-05','Parchment',3,5.00,'6',NULL);
/*!40000 ALTER TABLE `coffee_godown` ENABLE KEYS */;
UNLOCK TABLES;

--
-- Table structure for table `coffee_inventory_history`
--

DROP TABLE IF EXISTS `coffee_inventory_history`;
/*!40101 SET @saved_cs_client     = @@character_set_client */;
/*!50503 SET character_set_client = utf8mb4 */;
CREATE TABLE `coffee_inventory_history` (
  `lot_number` int NOT NULL,
  `date_received` date NOT NULL,
  `coffee_type` varchar(50) NOT NULL,
  `total_bags` int NOT NULL,
  `total_weight_kg` decimal(10,2) NOT NULL,
  `moisture_level` int NOT NULL,
  `date_added` timestamp NULL DEFAULT CURRENT_TIMESTAMP,
  PRIMARY KEY (`lot_number`)
) ENGINE=InnoDB DEFAULT CHARSET=utf8mb4 COLLATE=utf8mb4_0900_ai_ci;
/*!40101 SET character_set_client = @saved_cs_client */;

--
-- Dumping data for table `coffee_inventory_history`
--

LOCK TABLES `coffee_inventory_history` WRITE;
/*!40000 ALTER TABLE `coffee_inventory_history` DISABLE KEYS */;
INSERT INTO `coffee_inventory_history` VALUES (1,'2025-03-05','Parchment',20,200.00,12,'2025-03-05 10:50:22'),(2,'2025-03-05','Cherry',22,23.00,34,'2025-03-05 10:34:21'),(5,'2025-03-05','Parchment',22,33.00,43,'2025-03-05 10:33:32'),(6,'2025-03-06','Parchment',20,200.00,12,'2025-03-06 02:36:25'),(7,'2025-03-06','Cherry',20,300.00,12,'2025-03-06 08:02:50'),(8,'2025-03-20','Cherry',40,200.00,12,'2025-03-20 14:01:04'),(10,'2025-03-12','Parchment',200,20000.00,12,'2025-03-12 07:14:19'),(12,'2025-03-28','Parchment',50,250.00,11,'2025-03-28 04:15:54'),(14,'2025-04-01','Parchment',50,200.00,12,'2025-04-01 05:23:17'),(16,'2025-04-01','Cherry',40,200.00,11,'2025-04-01 05:23:43'),(22,'2025-04-02','Parchment',20,200.00,12,'2025-04-02 04:17:21');
/*!40000 ALTER TABLE `coffee_inventory_history` ENABLE KEYS */;
UNLOCK TABLES;

--
-- Table structure for table `coffee_inventory_record`
--

DROP TABLE IF EXISTS `coffee_inventory_record`;
/*!40101 SET @saved_cs_client     = @@character_set_client */;
/*!50503 SET character_set_client = utf8mb4 */;
CREATE TABLE `coffee_inventory_record` (
  `record_id` int NOT NULL AUTO_INCREMENT,
  `lot_number` varchar(255) NOT NULL,
  `user_id` int NOT NULL,
  `date_received` date NOT NULL,
  `coffee_type` enum('Parchment','Cherry') NOT NULL,
  `total_bags` int NOT NULL,
  `total_weight_kg` decimal(10,2) NOT NULL,
  `moisture_level` varchar(255) NOT NULL,
  `created_at` timestamp NULL DEFAULT CURRENT_TIMESTAMP,
  PRIMARY KEY (`record_id`),
  UNIQUE KEY `lot_number` (`lot_number`),
  KEY `user_id` (`user_id`),
  CONSTRAINT `coffee_inventory_record_ibfk_1` FOREIGN KEY (`user_id`) REFERENCES `users` (`id`) ON DELETE CASCADE
) ENGINE=InnoDB AUTO_INCREMENT=5 DEFAULT CHARSET=utf8mb4 COLLATE=utf8mb4_0900_ai_ci;
/*!40101 SET character_set_client = @saved_cs_client */;

--
-- Dumping data for table `coffee_inventory_record`
--

LOCK TABLES `coffee_inventory_record` WRITE;
/*!40000 ALTER TABLE `coffee_inventory_record` DISABLE KEYS */;
INSERT INTO `coffee_inventory_record` VALUES (1,'1',1,'2025-03-05','Parchment',20,100.00,'12','2025-03-05 09:11:19'),(2,'2222',1,'2025-03-05','Parchment',22,22.00,'22','2025-03-05 09:14:19'),(3,'-2',1,'2025-03-05','Parchment',3,4.00,'5','2025-03-05 09:19:20'),(4,'5',1,'2025-03-05','Parchment',3,5.00,'6','2025-03-05 09:32:19');
/*!40000 ALTER TABLE `coffee_inventory_record` ENABLE KEYS */;
UNLOCK TABLES;

--
-- Table structure for table `coffee_lots`
--

DROP TABLE IF EXISTS `coffee_lots`;
/*!40101 SET @saved_cs_client     = @@character_set_client */;
/*!50503 SET character_set_client = utf8mb4 */;
CREATE TABLE `coffee_lots` (
  `lot_number` varchar(50) NOT NULL,
  `date_received` date NOT NULL,
  `coffee_type` varchar(255) NOT NULL,
  `total_bags` int NOT NULL,
  `total_weight_kg` decimal(10,2) NOT NULL,
  `moisture_level` decimal(5,2) NOT NULL,
  PRIMARY KEY (`lot_number`)
) ENGINE=InnoDB DEFAULT CHARSET=utf8mb4 COLLATE=utf8mb4_0900_ai_ci;
/*!40101 SET character_set_client = @saved_cs_client */;

--
-- Dumping data for table `coffee_lots`
--

LOCK TABLES `coffee_lots` WRITE;
/*!40000 ALTER TABLE `coffee_lots` DISABLE KEYS */;
INSERT INTO `coffee_lots` VALUES ('1','2025-03-05','Parchment',20,200.00,12.00),('12','2025-03-28','Parchment',50,250.00,11.00),('14','2025-04-01','Parchment',50,200.00,12.00),('16','2025-04-01','Cherry',40,200.00,11.00),('22','2025-04-02','Parchment',20,200.00,12.00);
/*!40000 ALTER TABLE `coffee_lots` ENABLE KEYS */;
UNLOCK TABLES;

--
-- Table structure for table `crops_plucked`
--

DROP TABLE IF EXISTS `crops_plucked`;
/*!40101 SET @saved_cs_client     = @@character_set_client */;
/*!50503 SET character_set_client = utf8mb4 */;
CREATE TABLE `crops_plucked` (
  `crops_plucked_id` int NOT NULL AUTO_INCREMENT,
  `user_id` int NOT NULL,
  `worker_id` int NOT NULL,
  `lead_id` int NOT NULL,
  `job_id` int NOT NULL,
  `plucked_date` date NOT NULL,
  `ripe_kg` decimal(10,2) DEFAULT NULL,
  `unripe_kg` decimal(10,2) DEFAULT NULL,
  `total_kg` decimal(10,2) DEFAULT NULL,
  `kone_count` int DEFAULT NULL,
  `per_kg_rate` decimal(10,2) DEFAULT NULL,
  `daily_wage` decimal(10,2) DEFAULT NULL,
  `salary_calculation_type` enum('per_kg','daily_wage') NOT NULL DEFAULT 'per_kg',
  `created_at` timestamp NULL DEFAULT CURRENT_TIMESTAMP,
  PRIMARY KEY (`crops_plucked_id`),
  KEY `user_id` (`user_id`),
  KEY `worker_id` (`worker_id`),
  KEY `lead_id` (`lead_id`),
  KEY `job_id` (`job_id`),
  CONSTRAINT `crops_plucked_ibfk_1` FOREIGN KEY (`user_id`) REFERENCES `users` (`id`) ON DELETE CASCADE,
  CONSTRAINT `crops_plucked_ibfk_2` FOREIGN KEY (`worker_id`) REFERENCES `workers` (`worker_id`) ON DELETE CASCADE,
  CONSTRAINT `crops_plucked_ibfk_3` FOREIGN KEY (`lead_id`) REFERENCES `labour_lead` (`lead_id`) ON DELETE RESTRICT,
  CONSTRAINT `crops_plucked_ibfk_4` FOREIGN KEY (`job_id`) REFERENCES `jobs` (`id`) ON DELETE RESTRICT
) ENGINE=InnoDB AUTO_INCREMENT=324 DEFAULT CHARSET=utf8mb4 COLLATE=utf8mb4_0900_ai_ci;
/*!40101 SET character_set_client = @saved_cs_client */;

--
-- Dumping data for table `crops_plucked`
--

LOCK TABLES `crops_plucked` WRITE;
/*!40000 ALTER TABLE `crops_plucked` DISABLE KEYS */;
INSERT INTO `crops_plucked` VALUES (115,1,6,2,1,'2025-03-05',10.00,20.00,30.00,0,5.00,NULL,'per_kg','2025-03-05 08:09:16'),(116,1,7,2,1,'2025-03-05',30.00,20.00,50.00,0,5.00,NULL,'per_kg','2025-03-05 08:09:16'),(117,1,8,2,1,'2025-03-05',13.00,15.00,28.00,0,5.00,NULL,'per_kg','2025-03-05 08:09:16'),(118,1,10,2,1,'2025-03-05',22.00,5.00,27.00,0,5.00,NULL,'per_kg','2025-03-05 08:09:16'),(119,1,12,3,2,'2025-03-05',0.00,0.00,10.00,0,10.00,NULL,'per_kg','2025-03-05 08:09:38'),(120,1,13,3,2,'2025-03-05',0.00,0.00,15.00,0,10.00,NULL,'per_kg','2025-03-05 08:09:38'),(121,1,14,3,2,'2025-03-05',0.00,0.00,20.00,0,10.00,NULL,'per_kg','2025-03-05 08:09:38'),(122,1,15,3,2,'2025-03-05',0.00,0.00,10.00,0,10.00,NULL,'per_kg','2025-03-05 08:09:38'),(123,1,16,3,2,'2025-03-05',0.00,0.00,7.00,0,10.00,NULL,'per_kg','2025-03-05 08:09:38'),(126,1,27,6,3,'2025-03-05',0.00,0.00,0.00,10,NULL,900.00,'daily_wage','2025-03-05 08:11:43'),(127,1,28,6,3,'2025-03-05',0.00,0.00,0.00,15,NULL,900.00,'daily_wage','2025-03-05 08:11:43'),(172,1,27,6,3,'2025-02-17',0.00,0.00,0.00,22,NULL,900.00,'daily_wage','2025-03-05 08:16:40'),(173,1,28,6,3,'2025-02-17',0.00,0.00,0.00,18,NULL,900.00,'daily_wage','2025-03-05 08:16:40'),(174,1,29,7,1,'2025-02-17',14.00,6.00,20.00,0,5.00,NULL,'per_kg','2025-03-05 08:16:40'),(175,1,30,7,1,'2025-02-17',19.00,1.00,20.00,0,5.00,NULL,'per_kg','2025-03-05 08:16:40'),(176,1,6,2,2,'2025-02-17',0.00,0.00,15.00,0,10.00,NULL,'per_kg','2025-03-05 08:16:40'),(177,1,7,2,3,'2025-02-17',0.00,0.00,0.00,25,NULL,900.00,'daily_wage','2025-03-05 08:16:40'),(178,1,8,2,1,'2025-02-18',13.00,7.00,20.00,0,5.00,NULL,'per_kg','2025-03-05 08:18:11'),(179,1,17,4,1,'2025-03-06',10.00,20.00,30.00,0,5.00,NULL,'per_kg','2025-03-06 02:25:56'),(180,1,18,4,1,'2025-03-06',14.00,15.00,29.00,0,5.00,NULL,'per_kg','2025-03-06 02:25:56'),(181,1,19,4,1,'2025-03-06',50.00,0.00,50.00,0,5.00,NULL,'per_kg','2025-03-06 02:25:56'),(182,1,20,4,1,'2025-03-06',14.00,22.00,36.00,0,5.00,NULL,'per_kg','2025-03-06 02:25:56'),(183,1,21,4,1,'2025-03-06',24.00,55.00,79.00,0,5.00,NULL,'per_kg','2025-03-06 02:25:56'),(184,1,22,5,2,'2025-03-06',0.00,0.00,10.00,0,10.00,NULL,'per_kg','2025-03-06 06:24:10'),(185,1,23,5,2,'2025-03-06',0.00,0.00,20.00,0,10.00,NULL,'per_kg','2025-03-06 06:24:10'),(186,1,24,5,2,'2025-03-06',0.00,0.00,30.00,0,10.00,NULL,'per_kg','2025-03-06 06:24:10'),(187,1,25,5,2,'2025-03-06',0.00,0.00,10.00,0,10.00,NULL,'per_kg','2025-03-06 06:24:10'),(188,1,26,5,2,'2025-03-06',0.00,0.00,20.00,0,10.00,NULL,'per_kg','2025-03-06 06:24:10'),(189,1,27,6,3,'2025-03-06',0.00,0.00,0.00,10,NULL,900.00,'daily_wage','2025-03-06 06:24:25'),(190,1,28,6,3,'2025-03-06',0.00,0.00,0.00,20,NULL,900.00,'daily_wage','2025-03-06 06:24:25'),(191,1,1,1,1,'2025-03-09',5.00,5.00,10.00,0,5.00,NULL,'per_kg','2025-03-09 09:48:50'),(192,1,2,1,1,'2025-03-09',5.00,5.00,10.00,0,5.00,NULL,'per_kg','2025-03-09 09:48:50'),(193,1,3,1,1,'2025-03-09',5.00,5.00,10.00,0,5.00,NULL,'per_kg','2025-03-09 09:48:50'),(194,1,4,1,1,'2025-03-09',5.00,5.00,10.00,0,5.00,NULL,'per_kg','2025-03-09 09:48:50'),(195,1,5,1,1,'2025-03-09',5.00,5.00,10.00,0,5.00,NULL,'per_kg','2025-03-09 09:48:50'),(196,1,6,2,2,'2025-03-09',0.00,0.00,5.00,0,10.00,NULL,'per_kg','2025-03-09 09:49:23'),(197,1,7,2,2,'2025-03-09',0.00,0.00,5.00,0,10.00,NULL,'per_kg','2025-03-09 09:49:23'),(198,1,8,2,2,'2025-03-09',0.00,0.00,5.00,0,10.00,NULL,'per_kg','2025-03-09 09:49:23'),(199,1,1,1,1,'2025-03-11',5.00,5.00,10.00,0,5.00,NULL,'per_kg','2025-03-11 13:15:40'),(200,1,2,1,1,'2025-03-11',15.00,15.00,30.00,0,5.00,NULL,'per_kg','2025-03-11 13:15:40'),(201,1,3,1,1,'2025-03-11',14.00,32.00,46.00,0,5.00,NULL,'per_kg','2025-03-11 13:15:40'),(202,1,4,1,1,'2025-03-11',54.00,11.00,65.00,0,5.00,NULL,'per_kg','2025-03-11 13:15:40'),(203,1,5,1,1,'2025-03-11',58.00,47.00,105.00,0,5.00,NULL,'per_kg','2025-03-11 13:15:40'),(204,1,35,1,1,'2025-03-11',45.00,45.00,90.00,0,5.00,NULL,'per_kg','2025-03-11 13:15:40'),(205,1,39,1,1,'2025-03-11',14.00,25.00,39.00,0,5.00,NULL,'per_kg','2025-03-11 13:15:40'),(206,1,6,2,2,'2025-03-11',0.00,0.00,20.00,0,10.00,NULL,'per_kg','2025-03-11 16:12:38'),(207,1,7,2,2,'2025-03-11',0.00,0.00,50.00,0,10.00,NULL,'per_kg','2025-03-11 16:12:38'),(208,1,8,2,2,'2025-03-11',0.00,0.00,20.00,0,10.00,NULL,'per_kg','2025-03-11 16:12:38'),(209,1,10,2,2,'2025-03-11',0.00,0.00,30.00,0,10.00,NULL,'per_kg','2025-03-11 16:12:38'),(210,1,6,2,2,'2025-03-11',0.00,0.00,20.00,0,10.00,NULL,'per_kg','2025-03-11 16:12:38'),(211,1,7,2,2,'2025-03-11',0.00,0.00,50.00,0,10.00,NULL,'per_kg','2025-03-11 16:12:38'),(212,1,8,2,2,'2025-03-11',0.00,0.00,20.00,0,10.00,NULL,'per_kg','2025-03-11 16:12:38'),(213,1,10,2,2,'2025-03-11',0.00,0.00,30.00,0,10.00,NULL,'per_kg','2025-03-11 16:12:38'),(216,1,1,1,1,'2025-03-12',5.00,5.00,10.00,0,5.00,NULL,'per_kg','2025-03-12 07:12:39'),(217,1,2,1,1,'2025-03-12',5.00,5.00,10.00,0,5.00,NULL,'per_kg','2025-03-12 07:12:39'),(218,1,3,1,1,'2025-03-12',5.00,5.00,10.00,0,5.00,NULL,'per_kg','2025-03-12 07:12:39'),(219,1,4,1,1,'2025-03-12',5.00,5.00,10.00,0,5.00,NULL,'per_kg','2025-03-12 07:12:39'),(220,1,5,1,1,'2025-03-12',5.00,5.00,10.00,0,5.00,NULL,'per_kg','2025-03-12 07:12:39'),(221,1,35,1,1,'2025-03-12',5.00,5.00,10.00,0,5.00,NULL,'per_kg','2025-03-12 07:12:39'),(222,1,39,1,1,'2025-03-12',5.00,5.00,10.00,0,5.00,NULL,'per_kg','2025-03-12 07:12:39'),(223,1,22,5,1,'2025-03-13',5.00,10.00,15.00,0,5.00,NULL,'per_kg','2025-03-13 10:03:58'),(224,1,23,5,1,'2025-03-13',5.00,5.00,10.00,0,5.00,NULL,'per_kg','2025-03-13 10:03:58'),(225,1,24,5,1,'2025-03-13',5.00,5.00,10.00,0,5.00,NULL,'per_kg','2025-03-13 10:03:58'),(226,1,25,5,1,'2025-03-13',5.00,5.00,10.00,0,5.00,NULL,'per_kg','2025-03-13 10:03:58'),(227,1,26,5,1,'2025-03-13',5.00,5.00,10.00,0,5.00,NULL,'per_kg','2025-03-13 10:03:58'),(228,1,1,1,1,'2025-03-20',50.00,40.00,90.00,0,5.00,NULL,'per_kg','2025-03-20 09:41:00'),(229,1,2,1,1,'2025-03-20',50.00,30.00,80.00,0,5.00,NULL,'per_kg','2025-03-20 09:41:00'),(230,1,3,1,1,'2025-03-20',60.00,80.00,140.00,0,5.00,NULL,'per_kg','2025-03-20 09:41:00'),(231,1,4,1,1,'2025-03-20',20.00,50.00,70.00,0,5.00,NULL,'per_kg','2025-03-20 09:41:00'),(232,1,5,1,1,'2025-03-20',60.00,80.00,140.00,0,5.00,NULL,'per_kg','2025-03-20 09:41:00'),(233,1,6,2,2,'2025-03-20',0.00,0.00,45.00,0,10.00,NULL,'per_kg','2025-03-20 09:41:20'),(234,1,7,2,2,'2025-03-20',0.00,0.00,56.00,0,10.00,NULL,'per_kg','2025-03-20 09:41:20'),(235,1,8,2,2,'2025-03-20',0.00,0.00,44.00,0,10.00,NULL,'per_kg','2025-03-20 09:41:20'),(236,1,10,2,2,'2025-03-20',0.00,0.00,60.00,0,10.00,NULL,'per_kg','2025-03-20 09:41:20'),(237,1,11,2,2,'2025-03-20',0.00,0.00,66.00,0,10.00,NULL,'per_kg','2025-03-20 09:41:20'),(238,1,27,6,3,'2025-03-20',0.00,0.00,0.00,50,NULL,900.00,'daily_wage','2025-03-20 09:41:50'),(239,1,28,6,3,'2025-03-20',0.00,0.00,0.00,40,NULL,900.00,'daily_wage','2025-03-20 09:41:50'),(240,1,1,1,1,'2025-03-20',0.00,0.00,0.00,0,5.00,NULL,'per_kg','2025-03-20 10:41:29'),(241,1,2,1,1,'2025-03-20',0.00,0.00,0.00,0,5.00,NULL,'per_kg','2025-03-20 10:41:29'),(242,1,3,1,1,'2025-03-20',0.00,0.00,0.00,0,5.00,NULL,'per_kg','2025-03-20 10:41:29'),(243,1,4,1,1,'2025-03-20',0.00,0.00,0.00,0,5.00,NULL,'per_kg','2025-03-20 10:41:29'),(244,1,5,1,1,'2025-03-20',0.00,0.00,0.00,0,5.00,NULL,'per_kg','2025-03-20 10:41:29'),(245,1,1,1,1,'2025-03-22',5.00,5.00,10.00,0,5.00,NULL,'per_kg','2025-03-22 05:05:01'),(246,1,2,1,1,'2025-03-22',5.00,5.00,10.00,0,5.00,NULL,'per_kg','2025-03-22 05:05:01'),(247,1,3,1,1,'2025-03-22',5.00,5.00,10.00,0,5.00,NULL,'per_kg','2025-03-22 05:05:01'),(248,1,4,1,1,'2025-03-22',5.00,5.00,10.00,0,5.00,NULL,'per_kg','2025-03-22 05:05:01'),(249,1,5,1,1,'2025-03-22',5.00,5.00,10.00,0,5.00,NULL,'per_kg','2025-03-22 05:05:01'),(250,1,35,1,1,'2025-03-22',5.00,5.00,10.00,0,5.00,NULL,'per_kg','2025-03-22 05:05:01'),(251,1,39,1,1,'2025-03-22',5.00,5.00,10.00,0,5.00,NULL,'per_kg','2025-03-22 05:05:01'),(253,1,1,1,1,'2025-03-28',50.00,50.00,100.00,0,5.00,NULL,'per_kg','2025-03-28 04:13:03'),(254,1,2,1,1,'2025-03-28',40.00,30.00,70.00,0,5.00,NULL,'per_kg','2025-03-28 04:13:03'),(255,1,3,1,1,'2025-03-28',20.00,60.00,80.00,0,5.00,NULL,'per_kg','2025-03-28 04:13:03'),(256,1,4,1,1,'2025-03-28',60.00,80.00,140.00,0,5.00,NULL,'per_kg','2025-03-28 04:13:03'),(257,1,5,1,1,'2025-03-28',40.00,50.00,90.00,0,5.00,NULL,'per_kg','2025-03-28 04:13:03'),(258,1,6,2,2,'2025-03-28',0.00,0.00,50.00,0,10.00,NULL,'per_kg','2025-03-28 04:13:16'),(259,1,7,2,2,'2025-03-28',0.00,0.00,50.00,0,10.00,NULL,'per_kg','2025-03-28 04:13:16'),(260,1,8,2,2,'2025-03-28',0.00,0.00,50.00,0,10.00,NULL,'per_kg','2025-03-28 04:13:16'),(261,1,27,6,3,'2025-03-28',0.00,0.00,0.00,50,NULL,900.00,'daily_wage','2025-03-28 04:13:24'),(262,1,28,6,3,'2025-03-28',0.00,0.00,0.00,50,NULL,900.00,'daily_wage','2025-03-28 04:13:24'),(263,1,1,1,1,'2025-03-29',50.00,50.00,100.00,0,5.00,NULL,'per_kg','2025-03-29 06:25:06'),(264,1,2,1,1,'2025-03-29',43.00,50.00,93.00,0,5.00,NULL,'per_kg','2025-03-29 06:25:06'),(265,1,3,1,1,'2025-03-29',47.00,60.00,107.00,0,5.00,NULL,'per_kg','2025-03-29 06:25:06'),(266,1,4,1,1,'2025-03-29',40.00,54.00,94.00,0,5.00,NULL,'per_kg','2025-03-29 06:25:06'),(267,1,5,1,1,'2025-03-29',66.00,48.00,114.00,0,5.00,NULL,'per_kg','2025-03-29 06:25:06'),(268,1,35,1,1,'2025-03-29',70.00,30.00,100.00,0,5.00,NULL,'per_kg','2025-03-29 06:25:06'),(269,1,6,2,2,'2025-03-29',0.00,0.00,50.00,0,10.00,NULL,'per_kg','2025-03-29 06:25:16'),(270,1,7,2,2,'2025-03-29',0.00,0.00,60.00,0,10.00,NULL,'per_kg','2025-03-29 06:25:16'),(271,1,8,2,2,'2025-03-29',0.00,0.00,40.00,0,10.00,NULL,'per_kg','2025-03-29 06:25:16'),(272,1,27,6,3,'2025-03-29',0.00,0.00,0.00,40,NULL,900.00,'daily_wage','2025-03-29 06:25:27'),(273,1,28,6,3,'2025-03-29',0.00,0.00,0.00,30,NULL,900.00,'daily_wage','2025-03-29 06:25:27'),(274,1,3,1,1,'2025-03-30',50.00,40.00,90.00,0,5.00,NULL,'per_kg','2025-03-30 08:52:45'),(275,1,4,1,1,'2025-03-30',30.00,60.00,90.00,0,5.00,NULL,'per_kg','2025-03-30 08:52:45'),(276,1,5,1,1,'2025-03-30',50.00,50.00,100.00,0,5.00,NULL,'per_kg','2025-03-30 08:52:45'),(277,1,35,1,1,'2025-03-30',30.00,50.00,80.00,0,5.00,NULL,'per_kg','2025-03-30 08:52:45'),(278,1,39,1,1,'2025-03-30',40.00,60.00,100.00,0,5.00,NULL,'per_kg','2025-03-30 08:52:45'),(279,1,6,2,2,'2025-03-30',0.00,0.00,40.00,0,10.00,NULL,'per_kg','2025-03-30 08:53:00'),(280,1,7,2,2,'2025-03-30',0.00,0.00,30.00,0,10.00,NULL,'per_kg','2025-03-30 08:53:00'),(281,1,8,2,2,'2025-03-30',0.00,0.00,50.00,0,10.00,NULL,'per_kg','2025-03-30 08:53:00'),(282,1,27,6,3,'2025-03-30',0.00,0.00,0.00,50,NULL,900.00,'daily_wage','2025-03-30 08:53:09'),(283,1,28,6,3,'2025-03-30',0.00,0.00,0.00,40,NULL,900.00,'daily_wage','2025-03-30 08:53:09'),(284,1,1,1,1,'2025-03-31',40.00,40.00,80.00,0,5.00,NULL,'per_kg','2025-03-31 04:45:26'),(285,1,2,1,1,'2025-03-31',20.00,47.00,67.00,0,5.00,NULL,'per_kg','2025-03-31 04:45:26'),(286,1,3,1,1,'2025-03-31',52.00,14.00,66.00,0,5.00,NULL,'per_kg','2025-03-31 04:45:26'),(287,1,4,1,1,'2025-03-31',65.00,25.00,90.00,0,5.00,NULL,'per_kg','2025-03-31 04:45:26'),(288,1,5,1,1,'2025-03-31',45.00,50.00,95.00,0,5.00,NULL,'per_kg','2025-03-31 04:45:26'),(289,1,6,2,2,'2025-03-31',0.00,0.00,40.00,0,10.00,NULL,'per_kg','2025-03-31 04:45:42'),(290,1,7,2,2,'2025-03-31',0.00,0.00,50.00,0,10.00,NULL,'per_kg','2025-03-31 04:45:42'),(291,1,8,2,2,'2025-03-31',0.00,0.00,66.00,0,10.00,NULL,'per_kg','2025-03-31 04:45:42'),(292,1,10,2,2,'2025-03-31',0.00,0.00,44.00,0,10.00,NULL,'per_kg','2025-03-31 04:45:42'),(293,1,27,6,3,'2025-03-31',0.00,0.00,0.00,20,NULL,900.00,'daily_wage','2025-03-31 04:45:59'),(294,1,28,6,3,'2025-03-31',0.00,0.00,0.00,30,NULL,900.00,'daily_wage','2025-03-31 04:45:59'),(295,1,1,1,1,'2025-04-01',50.00,50.00,100.00,0,5.00,NULL,'per_kg','2025-04-01 05:21:41'),(296,1,2,1,1,'2025-04-01',40.00,60.00,100.00,0,5.00,NULL,'per_kg','2025-04-01 05:21:41'),(297,1,3,1,1,'2025-04-01',20.00,70.00,90.00,0,5.00,NULL,'per_kg','2025-04-01 05:21:41'),(298,1,4,1,1,'2025-04-01',60.00,44.00,104.00,0,5.00,NULL,'per_kg','2025-04-01 05:21:41'),(299,1,5,1,1,'2025-04-01',55.00,55.00,110.00,0,5.00,NULL,'per_kg','2025-04-01 05:21:41'),(300,1,6,2,2,'2025-04-01',0.00,0.00,50.00,0,10.00,NULL,'per_kg','2025-04-01 05:21:58'),(301,1,7,2,2,'2025-04-01',0.00,0.00,50.00,0,10.00,NULL,'per_kg','2025-04-01 05:21:58'),(302,1,8,2,2,'2025-04-01',0.00,0.00,40.00,0,10.00,NULL,'per_kg','2025-04-01 05:21:58'),(303,1,10,2,2,'2025-04-01',0.00,0.00,60.00,0,10.00,NULL,'per_kg','2025-04-01 05:21:58'),(304,1,27,6,3,'2025-04-01',0.00,0.00,0.00,50,NULL,900.00,'daily_wage','2025-04-01 05:22:10'),(305,1,28,6,3,'2025-04-01',0.00,0.00,0.00,40,NULL,900.00,'daily_wage','2025-04-01 05:22:10'),(306,1,1,1,1,'2025-04-02',50.00,50.00,100.00,0,5.00,NULL,'per_kg','2025-04-02 04:15:35'),(307,1,2,1,1,'2025-04-02',10.00,40.00,50.00,0,5.00,NULL,'per_kg','2025-04-02 04:15:35'),(308,1,3,1,1,'2025-04-02',60.00,50.00,110.00,0,5.00,NULL,'per_kg','2025-04-02 04:15:35'),(309,1,4,1,1,'2025-04-02',20.00,30.00,50.00,0,5.00,NULL,'per_kg','2025-04-02 04:15:35'),(310,1,5,1,1,'2025-04-02',40.00,60.00,100.00,0,5.00,NULL,'per_kg','2025-04-02 04:15:35'),(311,1,35,1,1,'2025-04-02',40.00,60.00,100.00,0,5.00,NULL,'per_kg','2025-04-02 04:15:35'),(312,1,1,1,1,'2025-04-04',10.00,5.00,15.00,NULL,5.00,NULL,'per_kg','2025-04-04 07:50:05'),(313,1,2,1,1,'2025-04-04',5.00,5.00,10.00,NULL,5.00,NULL,'per_kg','2025-04-04 07:50:05'),(314,1,3,1,1,'2025-04-04',5.00,5.00,10.00,NULL,5.00,NULL,'per_kg','2025-04-04 07:50:05'),(315,1,4,1,1,'2025-04-04',5.00,5.00,10.00,NULL,5.00,NULL,'per_kg','2025-04-04 07:50:05'),(316,1,5,1,1,'2025-04-04',5.00,5.00,10.00,NULL,5.00,NULL,'per_kg','2025-04-04 07:50:05'),(317,1,35,1,1,'2025-04-04',5.00,5.00,10.00,NULL,5.00,NULL,'per_kg','2025-04-04 07:50:05'),(318,1,39,1,1,'2025-04-04',5.00,5.00,10.00,NULL,5.00,NULL,'per_kg','2025-04-04 07:50:05'),(319,1,12,3,1,'2025-04-15',5.00,5.00,10.00,0,5.00,NULL,'per_kg','2025-04-15 01:34:13'),(320,1,13,3,1,'2025-04-15',5.00,5.00,10.00,0,5.00,NULL,'per_kg','2025-04-15 01:34:13'),(321,1,14,3,1,'2025-04-15',5.00,5.00,10.00,0,5.00,NULL,'per_kg','2025-04-15 01:34:13'),(322,1,15,3,1,'2025-04-15',5.00,5.00,10.00,0,5.00,NULL,'per_kg','2025-04-15 01:34:13'),(323,1,16,3,1,'2025-04-15',5.00,5.00,10.00,0,5.00,NULL,'per_kg','2025-04-15 01:34:13');
/*!40000 ALTER TABLE `crops_plucked` ENABLE KEYS */;
UNLOCK TABLES;

--
-- Table structure for table `fertilizer_inventory`
--

DROP TABLE IF EXISTS `fertilizer_inventory`;
/*!40101 SET @saved_cs_client     = @@character_set_client */;
/*!50503 SET character_set_client = utf8mb4 */;
CREATE TABLE `fertilizer_inventory` (
  `fertilizer_name` varchar(255) COLLATE utf8mb4_unicode_ci NOT NULL,
  `unit` varchar(50) COLLATE utf8mb4_unicode_ci NOT NULL,
  `total_quantity` decimal(10,2) NOT NULL,
  `created_at` timestamp NULL DEFAULT CURRENT_TIMESTAMP,
  PRIMARY KEY (`fertilizer_name`)
) ENGINE=InnoDB DEFAULT CHARSET=utf8mb4 COLLATE=utf8mb4_unicode_ci;
/*!40101 SET character_set_client = @saved_cs_client */;

--
-- Dumping data for table `fertilizer_inventory`
--

LOCK TABLES `fertilizer_inventory` WRITE;
/*!40000 ALTER TABLE `fertilizer_inventory` DISABLE KEYS */;
INSERT INTO `fertilizer_inventory` VALUES ('compost','kg',820.00,'2025-03-31 05:10:05'),('dap','kg',480.00,'2025-03-28 04:19:41'),('NPK','kg',210.00,'2025-03-05 15:02:02'),('potash','kg',200.00,'2025-03-06 08:23:45'),('urea','kg',600.00,'2025-03-06 08:04:23');
/*!40000 ALTER TABLE `fertilizer_inventory` ENABLE KEYS */;
UNLOCK TABLES;

--
-- Table structure for table `fertilizer_purchase_history`
--

DROP TABLE IF EXISTS `fertilizer_purchase_history`;
/*!40101 SET @saved_cs_client     = @@character_set_client */;
/*!50503 SET character_set_client = utf8mb4 */;
CREATE TABLE `fertilizer_purchase_history` (
  `id` int NOT NULL AUTO_INCREMENT,
  `purchase_date` date NOT NULL,
  `fertilizer_name` varchar(255) COLLATE utf8mb4_unicode_ci NOT NULL,
  `quantity_purchased` decimal(10,2) NOT NULL,
  `unit` varchar(50) COLLATE utf8mb4_unicode_ci NOT NULL,
  `purchase_lot_number` varchar(255) COLLATE utf8mb4_unicode_ci DEFAULT NULL,
  `supplier_name` varchar(255) COLLATE utf8mb4_unicode_ci DEFAULT NULL,
  `user_id` int NOT NULL,
  `created_at` timestamp NULL DEFAULT CURRENT_TIMESTAMP,
  PRIMARY KEY (`id`),
  KEY `fertilizer_name` (`fertilizer_name`),
  CONSTRAINT `fertilizer_purchase_history_ibfk_1` FOREIGN KEY (`fertilizer_name`) REFERENCES `fertilizer_inventory` (`fertilizer_name`)
) ENGINE=InnoDB AUTO_INCREMENT=14 DEFAULT CHARSET=utf8mb4 COLLATE=utf8mb4_unicode_ci;
/*!40101 SET character_set_client = @saved_cs_client */;

--
-- Dumping data for table `fertilizer_purchase_history`
--

LOCK TABLES `fertilizer_purchase_history` WRITE;
/*!40000 ALTER TABLE `fertilizer_purchase_history` DISABLE KEYS */;
INSERT INTO `fertilizer_purchase_history` VALUES (1,'2025-03-05','NPK',100.00,'kg',NULL,NULL,1,'2025-03-05 15:02:02'),(2,'2025-03-06','npk',200.00,'kg',NULL,NULL,1,'2025-03-06 02:46:49'),(3,'2025-03-06','urea',200.00,'kg',NULL,NULL,1,'2025-03-06 08:04:23'),(4,'2025-03-06','potash',200.00,'kg',NULL,NULL,1,'2025-03-06 08:23:45'),(5,'2025-03-11','urea',200.00,'kg',NULL,NULL,1,'2025-03-11 13:42:50'),(6,'2025-03-12','urea',200.00,'kg',NULL,NULL,1,'2025-03-12 07:16:53'),(7,'2025-03-20','urea',200.00,'kg',NULL,NULL,1,'2025-03-20 14:19:11'),(8,'2025-03-28','dap',500.00,'kg',NULL,NULL,1,'2025-03-28 04:19:41'),(9,'2025-03-31','compost',50.00,'kg',NULL,NULL,1,'2025-03-31 05:10:05'),(10,'2025-04-01','compost',10.00,'kg',NULL,NULL,1,'2025-04-01 05:25:40'),(11,'2025-04-01','compost',100.00,'kg',NULL,NULL,1,'2025-04-01 05:26:00'),(12,'2025-04-01','compost',10.00,'kg',NULL,NULL,1,'2025-04-01 05:58:50'),(13,'2025-04-02','compost',1000.00,'kg',NULL,NULL,1,'2025-04-02 04:19:32');
/*!40000 ALTER TABLE `fertilizer_purchase_history` ENABLE KEYS */;
UNLOCK TABLES;

--
-- Table structure for table `fertilizer_usage_history`
--

DROP TABLE IF EXISTS `fertilizer_usage_history`;
/*!40101 SET @saved_cs_client     = @@character_set_client */;
/*!50503 SET character_set_client = utf8mb4 */;
CREATE TABLE `fertilizer_usage_history` (
  `usage_id` int NOT NULL AUTO_INCREMENT,
  `date_used` date NOT NULL,
  `fertilizer_name` varchar(255) COLLATE utf8mb4_unicode_ci NOT NULL,
  `quantity_used` decimal(10,2) NOT NULL,
  `unit` varchar(50) COLLATE utf8mb4_unicode_ci NOT NULL,
  `field_location` varchar(255) COLLATE utf8mb4_unicode_ci DEFAULT NULL,
  `lead_id` int DEFAULT NULL,
  `created_at` timestamp NULL DEFAULT CURRENT_TIMESTAMP,
  PRIMARY KEY (`usage_id`),
  KEY `fertilizer_name` (`fertilizer_name`),
  KEY `lead_id` (`lead_id`),
  CONSTRAINT `fertilizer_usage_history_ibfk_1` FOREIGN KEY (`fertilizer_name`) REFERENCES `fertilizer_inventory` (`fertilizer_name`) ON DELETE CASCADE,
  CONSTRAINT `fertilizer_usage_history_ibfk_2` FOREIGN KEY (`lead_id`) REFERENCES `labour_lead` (`lead_id`)
) ENGINE=InnoDB AUTO_INCREMENT=10 DEFAULT CHARSET=utf8mb4 COLLATE=utf8mb4_unicode_ci;
/*!40101 SET character_set_client = @saved_cs_client */;

--
-- Dumping data for table `fertilizer_usage_history`
--

LOCK TABLES `fertilizer_usage_history` WRITE;
/*!40000 ALTER TABLE `fertilizer_usage_history` DISABLE KEYS */;
INSERT INTO `fertilizer_usage_history` VALUES (1,'2025-03-05','NPK',20.00,'kg','A',1,'2025-03-05 15:02:31'),(2,'2025-03-06','NPK',20.00,'kg','A',4,'2025-03-06 02:50:15'),(4,'2025-03-06','NPK',10.00,'kg','B',1,'2025-03-06 08:05:11'),(5,'2025-03-12','urea',200.00,'kg','A',1,'2025-03-12 07:17:31'),(6,'2025-03-20','NPK',20.00,'kg','A',3,'2025-03-20 14:24:02'),(7,'2025-04-01','compost',150.00,'kg','A',6,'2025-04-01 05:26:21'),(8,'2025-04-01','dap',20.00,'kg','B',1,'2025-04-01 06:00:31'),(9,'2025-04-02','compost',200.00,'kg','C',3,'2025-04-02 04:19:59');
/*!40000 ALTER TABLE `fertilizer_usage_history` ENABLE KEYS */;
UNLOCK TABLES;

--
-- Table structure for table `jobs`
--

DROP TABLE IF EXISTS `jobs`;
/*!40101 SET @saved_cs_client     = @@character_set_client */;
/*!50503 SET character_set_client = utf8mb4 */;
CREATE TABLE `jobs` (
  `id` int NOT NULL AUTO_INCREMENT,
  `user_id` int NOT NULL,
  `job_name` varchar(255) NOT NULL,
  `daily_wage` decimal(10,2) NOT NULL DEFAULT '0.00',
  `per_kg_rate` decimal(10,2) NOT NULL DEFAULT '0.00',
  `overtime_hourly_rate` decimal(10,2) NOT NULL DEFAULT '0.00',
  PRIMARY KEY (`id`),
  KEY `user_id` (`user_id`),
  CONSTRAINT `jobs_ibfk_1` FOREIGN KEY (`user_id`) REFERENCES `users` (`id`) ON DELETE CASCADE
) ENGINE=InnoDB AUTO_INCREMENT=19 DEFAULT CHARSET=utf8mb4 COLLATE=utf8mb4_0900_ai_ci;
/*!40101 SET character_set_client = @saved_cs_client */;

--
-- Dumping data for table `jobs`
--

LOCK TABLES `jobs` WRITE;
/*!40000 ALTER TABLE `jobs` DISABLE KEYS */;
INSERT INTO `jobs` VALUES (1,1,'cofffee plucking',450.00,5.00,0.00),(2,1,'pepper plucking',450.00,10.00,0.00),(3,1,'arreca plucking',900.00,0.00,0.00),(5,1,'purning',450.00,0.00,60.00),(6,1,'weeding',450.00,0.00,60.00),(7,1,'pulper',450.00,0.00,60.00),(11,1,'uprooting',450.00,0.00,60.00),(15,2,'pepper plucking',450.00,6.00,0.00);
/*!40000 ALTER TABLE `jobs` ENABLE KEYS */;
UNLOCK TABLES;

--
-- Table structure for table `labour_lead`
--

DROP TABLE IF EXISTS `labour_lead`;
/*!40101 SET @saved_cs_client     = @@character_set_client */;
/*!50503 SET character_set_client = utf8mb4 */;
CREATE TABLE `labour_lead` (
  `lead_id` int NOT NULL AUTO_INCREMENT,
  `lead_name` varchar(255) NOT NULL,
  `user_id` int NOT NULL,
  `created_at` timestamp NULL DEFAULT CURRENT_TIMESTAMP,
  PRIMARY KEY (`lead_id`),
  KEY `user_id` (`user_id`),
  CONSTRAINT `labour_lead_ibfk_1` FOREIGN KEY (`user_id`) REFERENCES `users` (`id`) ON DELETE CASCADE
) ENGINE=InnoDB AUTO_INCREMENT=23 DEFAULT CHARSET=utf8mb4 COLLATE=utf8mb4_0900_ai_ci;
/*!40101 SET character_set_client = @saved_cs_client */;

--
-- Dumping data for table `labour_lead`
--

LOCK TABLES `labour_lead` WRITE;
/*!40000 ALTER TABLE `labour_lead` DISABLE KEYS */;
INSERT INTO `labour_lead` VALUES (1,'kumar',1,'2025-02-21 04:02:22'),(2,'akki',1,'2025-02-21 04:02:45'),(3,'akshay',1,'2025-02-21 04:02:53'),(4,'tarun',1,'2025-02-21 04:03:01'),(5,'jeevan',1,'2025-02-21 04:03:09'),(6,'suresh',1,'2025-02-22 09:07:19'),(7,'abhay',1,'2025-02-23 04:55:36'),(22,'pranam',1,'2025-04-10 12:47:50');
/*!40000 ALTER TABLE `labour_lead` ENABLE KEYS */;
UNLOCK TABLES;

--
-- Table structure for table `overtime`
--

DROP TABLE IF EXISTS `overtime`;
/*!40101 SET @saved_cs_client     = @@character_set_client */;
/*!50503 SET character_set_client = utf8mb4 */;
CREATE TABLE `overtime` (
  `overtime_id` int NOT NULL AUTO_INCREMENT,
  `worker_id` int NOT NULL,
  `lead_id` int NOT NULL,
  `job_id` int NOT NULL,
  `user_id` int NOT NULL,
  `date` date NOT NULL,
  `overtime_hours` decimal(4,2) NOT NULL,
  `created_at` timestamp NULL DEFAULT CURRENT_TIMESTAMP,
  `updated_at` timestamp NULL DEFAULT CURRENT_TIMESTAMP ON UPDATE CURRENT_TIMESTAMP,
  PRIMARY KEY (`overtime_id`),
  UNIQUE KEY `unique_overtime` (`worker_id`,`date`,`job_id`,`lead_id`),
  KEY `lead_id` (`lead_id`),
  KEY `job_id` (`job_id`),
  KEY `user_id` (`user_id`),
  CONSTRAINT `overtime_ibfk_1` FOREIGN KEY (`worker_id`) REFERENCES `workers` (`worker_id`) ON DELETE CASCADE,
  CONSTRAINT `overtime_ibfk_2` FOREIGN KEY (`lead_id`) REFERENCES `labour_lead` (`lead_id`) ON DELETE CASCADE,
  CONSTRAINT `overtime_ibfk_3` FOREIGN KEY (`job_id`) REFERENCES `jobs` (`id`) ON DELETE CASCADE,
  CONSTRAINT `overtime_ibfk_4` FOREIGN KEY (`user_id`) REFERENCES `users` (`id`) ON DELETE CASCADE
) ENGINE=InnoDB AUTO_INCREMENT=74 DEFAULT CHARSET=utf8mb4 COLLATE=utf8mb4_0900_ai_ci;
/*!40101 SET character_set_client = @saved_cs_client */;

--
-- Dumping data for table `overtime`
--

LOCK TABLES `overtime` WRITE;
/*!40000 ALTER TABLE `overtime` DISABLE KEYS */;
INSERT INTO `overtime` VALUES (27,1,1,7,1,'2025-02-24',1.00,'2025-02-24 02:02:14','2025-02-24 02:02:14'),(28,2,1,7,1,'2025-02-24',1.00,'2025-02-24 02:02:14','2025-02-24 02:02:14'),(29,3,1,7,1,'2025-02-24',1.00,'2025-02-24 02:02:14','2025-02-24 02:02:14'),(30,4,1,7,1,'2025-02-24',1.00,'2025-02-24 02:02:14','2025-02-24 02:02:14'),(31,5,1,7,1,'2025-02-24',1.00,'2025-02-24 02:02:14','2025-02-24 02:02:14'),(34,6,2,7,1,'2025-02-25',1.00,'2025-02-25 11:37:28','2025-02-25 11:37:28'),(35,7,2,7,1,'2025-02-25',1.00,'2025-02-25 11:37:29','2025-02-25 11:37:29'),(36,1,1,7,1,'2025-02-26',2.00,'2025-02-26 06:19:23','2025-02-26 06:19:23'),(37,2,1,7,1,'2025-02-26',2.00,'2025-02-26 06:19:23','2025-02-26 06:19:23'),(38,1,1,5,1,'2025-03-05',2.00,'2025-03-05 05:19:29','2025-03-05 05:19:29'),(42,1,1,5,1,'2025-03-06',1.75,'2025-03-06 01:25:57','2025-03-06 08:16:46'),(43,2,1,6,1,'2025-03-06',1.25,'2025-03-06 01:25:57','2025-03-06 08:16:46'),(55,1,1,5,1,'2025-03-13',2.00,'2025-03-13 09:59:24','2025-03-13 09:59:24'),(58,18,4,5,1,'2025-03-20',3.00,'2025-03-20 10:04:13','2025-03-20 10:04:13'),(61,22,5,7,1,'2025-03-29',2.00,'2025-03-29 06:24:36','2025-03-29 06:24:36'),(62,23,5,7,1,'2025-03-29',2.00,'2025-03-29 06:24:36','2025-03-29 06:24:36'),(63,22,5,7,1,'2025-03-30',2.00,'2025-03-30 08:52:02','2025-03-30 08:52:02'),(64,23,5,7,1,'2025-03-30',2.00,'2025-03-30 08:52:02','2025-03-30 08:52:02'),(65,29,7,7,1,'2025-03-31',2.00,'2025-03-31 04:44:41','2025-03-31 04:44:41'),(66,30,7,7,1,'2025-03-31',2.00,'2025-03-31 04:44:41','2025-03-31 04:44:41'),(67,22,5,7,1,'2025-04-01',2.00,'2025-04-01 05:20:44','2025-04-01 05:20:44'),(68,23,5,7,1,'2025-04-01',2.00,'2025-04-01 05:20:44','2025-04-01 05:20:44'),(69,24,5,7,1,'2025-04-01',2.00,'2025-04-01 05:20:44','2025-04-01 05:20:44'),(70,25,5,7,1,'2025-04-01',2.00,'2025-04-01 05:20:44','2025-04-01 05:20:44'),(71,26,5,7,1,'2025-04-01',2.00,'2025-04-01 05:20:44','2025-04-01 05:20:44'),(73,30,7,6,1,'2025-04-02',2.00,'2025-04-02 04:12:15','2025-04-02 04:12:15');
/*!40000 ALTER TABLE `overtime` ENABLE KEYS */;
UNLOCK TABLES;

--
-- Table structure for table `pepper_inventory`
--

DROP TABLE IF EXISTS `pepper_inventory`;
/*!40101 SET @saved_cs_client     = @@character_set_client */;
/*!50503 SET character_set_client = utf8mb4 */;
CREATE TABLE `pepper_inventory` (
  `lot_number` int NOT NULL,
  `date_received` date NOT NULL,
  `total_bags` int NOT NULL,
  `total_weight_kg` decimal(10,2) NOT NULL,
  `moisture_level` decimal(5,2) NOT NULL,
  `user_id` int NOT NULL,
  PRIMARY KEY (`lot_number`),
  KEY `user_id` (`user_id`),
  CONSTRAINT `pepper_inventory_ibfk_1` FOREIGN KEY (`user_id`) REFERENCES `users` (`id`)
) ENGINE=InnoDB DEFAULT CHARSET=utf8mb4 COLLATE=utf8mb4_0900_ai_ci;
/*!40101 SET character_set_client = @saved_cs_client */;

--
-- Dumping data for table `pepper_inventory`
--

LOCK TABLES `pepper_inventory` WRITE;
/*!40000 ALTER TABLE `pepper_inventory` DISABLE KEYS */;
INSERT INTO `pepper_inventory` VALUES (2,'2025-03-05',34,4.00,55.00,1),(5,'2025-03-28',50,250.00,14.00,1),(12,'2025-04-01',20,200.00,18.00,1);
/*!40000 ALTER TABLE `pepper_inventory` ENABLE KEYS */;
UNLOCK TABLES;

--
-- Table structure for table `pepper_inventory_history`
--

DROP TABLE IF EXISTS `pepper_inventory_history`;
/*!40101 SET @saved_cs_client     = @@character_set_client */;
/*!50503 SET character_set_client = utf8mb4 */;
CREATE TABLE `pepper_inventory_history` (
  `lot_number` int NOT NULL,
  `date_added` timestamp NULL DEFAULT CURRENT_TIMESTAMP,
  `date_received` date NOT NULL,
  `total_bags` int NOT NULL,
  `total_weight_kg` decimal(10,2) NOT NULL,
  `moisture_level` decimal(5,2) NOT NULL,
  `user_id` int NOT NULL,
  PRIMARY KEY (`lot_number`),
  KEY `user_id` (`user_id`),
  CONSTRAINT `pepper_inventory_history_ibfk_1` FOREIGN KEY (`user_id`) REFERENCES `users` (`id`)
) ENGINE=InnoDB DEFAULT CHARSET=utf8mb4 COLLATE=utf8mb4_0900_ai_ci;
/*!40101 SET character_set_client = @saved_cs_client */;

--
-- Dumping data for table `pepper_inventory_history`
--

LOCK TABLES `pepper_inventory_history` WRITE;
/*!40000 ALTER TABLE `pepper_inventory_history` DISABLE KEYS */;
INSERT INTO `pepper_inventory_history` VALUES (-24,'2025-03-06 08:01:52','2025-03-06',20,400.00,12.00,1),(1,'2025-03-05 11:12:51','2025-03-05',12,23.00,34.00,1),(2,'2025-03-05 11:13:03','2025-03-05',34,4.00,55.00,1),(3,'2025-03-05 11:15:59','2025-03-05',100,100.00,12.00,1),(4,'2025-03-20 14:10:11','2025-03-20',30,150.00,18.00,1),(5,'2025-03-28 04:16:41','2025-03-28',50,250.00,14.00,1),(12,'2025-04-01 05:24:54','2025-04-01',20,200.00,18.00,1);
/*!40000 ALTER TABLE `pepper_inventory_history` ENABLE KEYS */;
UNLOCK TABLES;

--
-- Table structure for table `tool_assignments`
--

DROP TABLE IF EXISTS `tool_assignments`;
/*!40101 SET @saved_cs_client     = @@character_set_client */;
/*!50503 SET character_set_client = utf8mb4 */;
CREATE TABLE `tool_assignments` (
  `assignment_id` int NOT NULL AUTO_INCREMENT,
  `tool_id` int NOT NULL,
  `assigned_worker_id` int NOT NULL,
  `quantity_assigned` int NOT NULL DEFAULT '1',
  `assignment_date` timestamp NULL DEFAULT CURRENT_TIMESTAMP,
  `return_date` timestamp NULL DEFAULT NULL,
  `status` varchar(50) NOT NULL DEFAULT 'assigned',
  `notes` text,
  `created_at` timestamp NULL DEFAULT CURRENT_TIMESTAMP,
  `updated_at` timestamp NULL DEFAULT CURRENT_TIMESTAMP ON UPDATE CURRENT_TIMESTAMP,
  PRIMARY KEY (`assignment_id`),
  KEY `tool_id` (`tool_id`),
  KEY `assigned_worker_id` (`assigned_worker_id`),
  CONSTRAINT `tool_assignments_ibfk_1` FOREIGN KEY (`tool_id`) REFERENCES `tools` (`tool_id`),
  CONSTRAINT `tool_assignments_ibfk_2` FOREIGN KEY (`assigned_worker_id`) REFERENCES `workers` (`worker_id`) ON DELETE RESTRICT
) ENGINE=InnoDB AUTO_INCREMENT=23 DEFAULT CHARSET=utf8mb4 COLLATE=utf8mb4_0900_ai_ci;
/*!40101 SET character_set_client = @saved_cs_client */;

--
-- Dumping data for table `tool_assignments`
--

LOCK TABLES `tool_assignments` WRITE;
/*!40000 ALTER TABLE `tool_assignments` DISABLE KEYS */;
INSERT INTO `tool_assignments` VALUES (10,1,6,3,'2025-03-10 14:19:29','2025-03-10 14:19:32','returned','','2025-03-10 14:19:29','2025-03-10 14:19:32'),(11,1,2,2,'2025-03-10 16:42:23','2025-03-20 16:11:05','returned','broken','2025-03-10 16:42:23','2025-03-20 16:11:05'),(12,5,14,5,'2025-03-10 16:42:52','2025-03-20 16:05:23','returned','flawless','2025-03-10 16:42:52','2025-03-20 16:05:23'),(13,1,27,2,'2025-03-11 14:26:26','2025-03-11 14:26:50','returned','broken','2025-03-11 14:26:26','2025-03-11 14:26:50'),(14,1,2,1,'2025-03-12 07:18:48','2025-03-12 07:19:08','returned','btoken','2025-03-12 07:18:48','2025-03-12 07:19:08'),(15,1,6,1,'2025-03-20 16:05:43','2025-03-28 04:20:50','returned','','2025-03-20 16:05:43','2025-03-28 04:20:50'),(16,1,13,1,'2025-03-20 16:08:41','2025-03-20 16:10:22','returned','broken','2025-03-20 16:08:41','2025-03-20 16:10:22'),(17,1,27,1,'2025-03-21 06:03:47','2025-03-28 04:20:37','returned','','2025-03-21 06:03:47','2025-03-28 04:20:37'),(18,1,1,1,'2025-03-28 04:20:16','2025-03-28 04:20:44','returned','','2025-03-28 04:20:16','2025-03-28 04:20:44'),(19,1,1,1,'2025-03-31 05:13:17','2025-04-02 04:22:22','returned','','2025-03-31 05:13:17','2025-04-02 04:22:22'),(20,5,20,2,'2025-03-31 05:44:12',NULL,'assigned','chainsaw','2025-03-31 05:44:12','2025-03-31 05:44:12'),(21,11,14,2,'2025-04-01 05:28:05',NULL,'assigned','cut tree','2025-04-01 05:28:05','2025-04-01 05:28:05'),(22,12,3,2,'2025-04-02 04:22:09',NULL,'assigned','trees','2025-04-02 04:22:09','2025-04-02 04:22:09');
/*!40000 ALTER TABLE `tool_assignments` ENABLE KEYS */;
UNLOCK TABLES;

--
-- Table structure for table `tool_returns`
--

DROP TABLE IF EXISTS `tool_returns`;
/*!40101 SET @saved_cs_client     = @@character_set_client */;
/*!50503 SET character_set_client = utf8mb4 */;
CREATE TABLE `tool_returns` (
  `return_id` int NOT NULL AUTO_INCREMENT,
  `assignment_id` int NOT NULL,
  `quantity_returned` int NOT NULL,
  `return_date` timestamp NULL DEFAULT CURRENT_TIMESTAMP,
  `return_notes` text,
  `user_id` int NOT NULL,
  PRIMARY KEY (`return_id`),
  KEY `assignment_id` (`assignment_id`),
  KEY `user_id` (`user_id`),
  CONSTRAINT `tool_returns_ibfk_1` FOREIGN KEY (`assignment_id`) REFERENCES `tool_assignments` (`assignment_id`),
  CONSTRAINT `tool_returns_ibfk_2` FOREIGN KEY (`user_id`) REFERENCES `users` (`id`)
) ENGINE=InnoDB AUTO_INCREMENT=11 DEFAULT CHARSET=utf8mb4 COLLATE=utf8mb4_0900_ai_ci;
/*!40101 SET character_set_client = @saved_cs_client */;

--
-- Dumping data for table `tool_returns`
--

LOCK TABLES `tool_returns` WRITE;
/*!40000 ALTER TABLE `tool_returns` DISABLE KEYS */;
INSERT INTO `tool_returns` VALUES (1,10,3,'2025-03-10 14:19:32','0',1),(2,13,2,'2025-03-11 14:26:50','0',1),(3,14,1,'2025-03-12 07:19:08','0',1),(4,12,5,'2025-03-20 16:05:23','0',1),(5,16,1,'2025-03-20 16:10:22','0',1),(6,11,2,'2025-03-20 16:11:05','0',1),(7,17,1,'2025-03-28 04:20:37','0',1),(8,18,1,'2025-03-28 04:20:44','0',1),(9,15,1,'2025-03-28 04:20:50','0',1),(10,19,1,'2025-04-02 04:22:22','0',1);
/*!40000 ALTER TABLE `tool_returns` ENABLE KEYS */;
UNLOCK TABLES;

--
-- Table structure for table `tools`
--

DROP TABLE IF EXISTS `tools`;
/*!40101 SET @saved_cs_client     = @@character_set_client */;
/*!50503 SET character_set_client = utf8mb4 */;
CREATE TABLE `tools` (
  `tool_id` int NOT NULL AUTO_INCREMENT,
  `user_id` int NOT NULL,
  `tool_name` varchar(255) NOT NULL,
  `tool_quantity` int NOT NULL,
  `created_at` timestamp NULL DEFAULT CURRENT_TIMESTAMP,
  `updated_at` timestamp NULL DEFAULT CURRENT_TIMESTAMP ON UPDATE CURRENT_TIMESTAMP,
  PRIMARY KEY (`tool_id`),
  KEY `user_id` (`user_id`),
  CONSTRAINT `tools_ibfk_1` FOREIGN KEY (`user_id`) REFERENCES `users` (`id`)
) ENGINE=InnoDB AUTO_INCREMENT=13 DEFAULT CHARSET=utf8mb4 COLLATE=utf8mb4_0900_ai_ci;
/*!40101 SET character_set_client = @saved_cs_client */;

--
-- Dumping data for table `tools`
--

LOCK TABLES `tools` WRITE;
/*!40000 ALTER TABLE `tools` DISABLE KEYS */;
INSERT INTO `tools` VALUES (1,1,'spade',5,'2025-03-09 10:27:02','2025-04-02 04:22:22'),(5,1,'chains',31,'2025-03-09 10:50:33','2025-03-31 05:44:12'),(7,1,'hammer',40,'2025-03-20 16:21:59','2025-03-20 16:21:59'),(11,1,'saw',18,'2025-04-01 05:27:30','2025-04-01 05:28:05'),(12,1,'knife ',18,'2025-04-02 04:20:34','2025-04-02 04:22:09');
/*!40000 ALTER TABLE `tools` ENABLE KEYS */;
UNLOCK TABLES;

--
-- Table structure for table `users`
--

DROP TABLE IF EXISTS `users`;
/*!40101 SET @saved_cs_client     = @@character_set_client */;
/*!50503 SET character_set_client = utf8mb4 */;
CREATE TABLE `users` (
  `id` int NOT NULL AUTO_INCREMENT,
  `username` varchar(255) NOT NULL,
  `email` varchar(255) NOT NULL,
  `password` varchar(255) NOT NULL,
  `created_at` timestamp NULL DEFAULT CURRENT_TIMESTAMP,
  PRIMARY KEY (`id`),
  UNIQUE KEY `email` (`email`)
) ENGINE=InnoDB AUTO_INCREMENT=9 DEFAULT CHARSET=utf8mb4 COLLATE=utf8mb4_0900_ai_ci;
/*!40101 SET character_set_client = @saved_cs_client */;

--
-- Dumping data for table `users`
--

LOCK TABLES `users` WRITE;
/*!40000 ALTER TABLE `users` DISABLE KEYS */;
INSERT INTO `users` VALUES (1,'akki','akki@gmail.com','$2y$10$f92Uz4rbZKmVryJ8rC2UwevGNOP.O3w02n.uvkkp1ZqDxb8QIS/KC','2025-02-21 03:59:58'),(2,'akshay','akshay@gmail.com','$2y$10$QY0521ES/GYBEOj0EKqHFOvvdl/hgOkvwOg7oejjihQ/h2yIo0OWa','2025-03-05 14:53:46'),(3,'mathew','mathew@gmail.com','$2y$10$K9GMjsZf7EXbkhBsnZPA9OSBLNGr/Ujz4KJPNqDrDojDgEVmFFv5y','2025-03-06 01:13:08'),(4,'akki','123@hima.com','$2y$10$Ucbr029/bIeqE9vLtyCJYOagNntGB7Pjh7LWFizAIYYDN0I9Bg63G','2025-03-13 05:41:41'),(5,'kumar','kumar@111.com','$2y$10$vWYQydK6IQKnsOOldNBIeuMMXrwrzvV3OB4BzYuLQbU3Mo2yy9kta','2025-03-13 05:42:54'),(6,'112233','akshayckm03@gmail.com','$2y$10$0RdozWgk2DhStwuyo4.u3.nnYMsxn.btzpwMoQ2MwCn/rLHyI//HK','2025-03-13 05:43:30'),(7,'rohan','rohan@gmail.com','$2y$10$dYIuJZ8Zs8SAVVfTlYHep.btVoNZzelYpK7/xe/iw67xYHFaj/0A6','2025-03-20 09:35:43'),(8,'rakshith','rakshith@gmail.com','$2y$10$GxRMy4ZkwkE4N.hUBUYDDejCW3.ucusPxVSM8ZJkN4k3W4dv/reaK','2025-03-20 09:36:17');
/*!40000 ALTER TABLE `users` ENABLE KEYS */;
UNLOCK TABLES;

--
-- Table structure for table `workers`
--

DROP TABLE IF EXISTS `workers`;
/*!40101 SET @saved_cs_client     = @@character_set_client */;
/*!50503 SET character_set_client = utf8mb4 */;
CREATE TABLE `workers` (
  `worker_id` int NOT NULL AUTO_INCREMENT,
  `user_id` int NOT NULL,
  `lead_id` int NOT NULL,
  `worker_name` varchar(255) NOT NULL,
  `created_at` timestamp NULL DEFAULT CURRENT_TIMESTAMP,
  PRIMARY KEY (`worker_id`),
  KEY `user_id` (`user_id`),
  KEY `lead_id` (`lead_id`),
  CONSTRAINT `workers_ibfk_1` FOREIGN KEY (`user_id`) REFERENCES `users` (`id`) ON DELETE CASCADE,
  CONSTRAINT `workers_ibfk_2` FOREIGN KEY (`lead_id`) REFERENCES `labour_lead` (`lead_id`) ON DELETE CASCADE
) ENGINE=InnoDB AUTO_INCREMENT=45 DEFAULT CHARSET=utf8mb4 COLLATE=utf8mb4_0900_ai_ci;
/*!40101 SET character_set_client = @saved_cs_client */;

--
-- Dumping data for table `workers`
--

LOCK TABLES `workers` WRITE;
/*!40000 ALTER TABLE `workers` DISABLE KEYS */;
INSERT INTO `workers` VALUES (1,1,1,'akhil','2025-02-21 04:03:21'),(2,1,1,'akash','2025-02-21 04:03:30'),(3,1,1,'mathew','2025-02-21 04:03:34'),(4,1,1,'anvith','2025-02-21 04:03:38'),(5,1,1,'melston','2025-02-21 04:03:43'),(6,1,2,'glenin','2025-02-21 04:03:56'),(7,1,2,'manvith','2025-02-21 04:04:10'),(8,1,2,'marvin','2025-02-21 04:04:15'),(10,1,2,'adley','2025-02-21 04:04:31'),(11,1,2,'rajesh','2025-02-21 04:04:37'),(12,1,3,'rohan','2025-02-21 04:04:43'),(13,1,3,'tanish','2025-02-21 04:04:47'),(14,1,3,'movin','2025-02-21 04:04:51'),(15,1,3,'rakshith','2025-02-21 04:04:55'),(16,1,3,'pranam','2025-02-21 04:05:22'),(17,1,4,'sushanth','2025-02-21 04:05:32'),(18,1,4,'edwin','2025-02-21 04:05:38'),(19,1,4,'jovin','2025-02-21 04:06:36'),(20,1,4,'priston','2025-02-21 04:06:42'),(21,1,4,'pawan','2025-02-21 04:06:47'),(22,1,5,'ramesh','2025-02-21 04:07:27'),(23,1,5,'niranjan','2025-02-21 04:07:32'),(24,1,5,'joy','2025-02-21 04:07:44'),(25,1,5,'samarth','2025-02-21 04:07:56'),(26,1,5,'ranvik','2025-02-21 04:08:17'),(27,1,6,'raina','2025-02-22 09:07:32'),(28,1,6,'dhoni','2025-02-22 09:07:39'),(29,1,7,'adiga','2025-02-23 04:57:51'),(30,1,7,'shiva','2025-02-23 04:57:55'),(35,1,1,'shawn','2025-03-05 05:26:56'),(39,1,1,'kumar','2025-03-06 08:13:54'),(44,1,22,'pradyumna','2025-04-10 12:48:00');
/*!40000 ALTER TABLE `workers` ENABLE KEYS */;
UNLOCK TABLES;
/*!40103 SET TIME_ZONE=@OLD_TIME_ZONE */;

/*!40101 SET SQL_MODE=@OLD_SQL_MODE */;
/*!40014 SET FOREIGN_KEY_CHECKS=@OLD_FOREIGN_KEY_CHECKS */;
/*!40014 SET UNIQUE_CHECKS=@OLD_UNIQUE_CHECKS */;
/*!40101 SET CHARACTER_SET_CLIENT=@OLD_CHARACTER_SET_CLIENT */;
/*!40101 SET CHARACTER_SET_RESULTS=@OLD_CHARACTER_SET_RESULTS */;
/*!40101 SET COLLATION_CONNECTION=@OLD_COLLATION_CONNECTION */;
/*!40111 SET SQL_NOTES=@OLD_SQL_NOTES */;

-- Dump completed on 2025-04-27  9:13:00
